Channel,Watch time(Minutes),Stream time(minutes),Peak viewers,Average viewers,Followers,Mature,Language
xQcOW,6196161750,215250,222720,27716,3246298,FALSE,English
summit1g,6091677300,211845,310998,25610,5310163,FALSE,English
Gaules,5644590915,515280,387315,10976,1767635,TRUE,Portuguese
ESL_CSGO,3970318140,517740,300575,7714,3944850,FALSE,English
Tfue,3671000070,123660,285644,29602,8938903,FALSE,English
Asmongold,3668799075,82260,263720,42414,1563438,FALSE,English
NICKMERCS,3360675195,136275,115633,24181,4074287,FALSE,English
Fextralife,3301867485,147885,68795,18985,508816,FALSE,English
loltyler1,2928356940,122490,89387,22381,3530767,FALSE,English
Anomaly,2865429915,92880,125408,12377,2607076,FALSE,English
TimTheTatman,2834436990,108780,142067,25664,5265659,TRUE,English
LIRIK,2832930285,128490,89170,21739,2666382,FALSE,English
Riot Games (riotgames),2674646715,80820,639375,20960,4487489,FALSE,English
Rubius,2588632635,58275,240096,42948,5751354,FALSE,Spanish
auronplay,2410022550,40575,170115,53986,3983847,FALSE,Spanish
MontanaBlack88,2408460990,67740,181600,33514,2911316,TRUE,German
sodapoppin,2329440420,115305,107833,19659,2786162,TRUE,English
풍월량 (hanryang1125),2186662470,181230,26999,12201,494445,FALSE,Korean
alanzoka,2055003870,103770,89153,19560,3445134,FALSE,Portuguese
CohhCarnage,2029212570,175230,43615,11343,1264808,FALSE,English
Lord_Kebun,1943299035,153720,34830,12367,434200,FALSE,English
LCK_Korea,1916365860,47325,140557,39848,619382,FALSE,Korean
Castro_1021,1845157080,100215,125133,17779,2411995,FALSE,English
DrDisrespect,1839882465,73065,97540,23794,4450718,FALSE,English
TheRealKnossi,1811696100,56010,288459,24595,1260160,TRUE,German
TheGrefg,1757406750,54855,538444,28887,3795667,FALSE,Spanish
YoDa,1690237110,135675,123796,12868,1792625,FALSE,Portuguese
Pestily,1659741015,138300,168112,8481,616168,FALSE,English
한동숙 (handongsuk),1621667925,127815,44976,12869,385250,FALSE,Korean
GamesDoneQuick,1619144100,87450,234826,6734,1724316,FALSE,English
Solary,1546597380,486510,24470,3187,493207,FALSE,French
Gotaga,1538511315,141675,81644,10750,2401580,FALSE,French
MOONMOON,1527882945,124680,24892,11220,923448,TRUE,English
DrLupo,1517612010,172350,90696,8311,4115083,FALSE,English
OgamingLoL,1483207890,496950,204491,3020,523758,FALSE,French
Myth,1479214575,134760,122552,9396,6726893,FALSE,English
Evelone192,1474742220,83010,106900,16422,1075101,FALSE,Russian
nl_Kripp,1470897720,155895,29316,9256,1379123,FALSE,English
LEC,1470431925,45660,305119,28830,973727,FALSE,English
dota2mc_ru,1464683175,66675,182869,19495,428284,FALSE,Russian
Fresh,1464179820,147660,57431,9728,3135667,FALSE,English
LCS,1461310140,31125,214124,46459,1162746,FALSE,English
ROSHTEIN,1435735725,118995,45843,11717,381918,TRUE,English
ibai,1412913285,57795,173238,22837,1894953,FALSE,Spanish
TFBlade,1394312895,141285,35833,9117,1008040,FALSE,English
Sardoche,1361024835,164235,144066,8066,746865,TRUE,French
LCK,1351758525,37140,171861,36030,934688,FALSE,English
Yassuo,1347412425,103905,70587,10531,1878416,FALSE,English
HasanAbi,1339344945,193560,44649,6543,470123,FALSE,English
BeyondTheSummit,1339097490,505080,116547,2635,923689,FALSE,English
Dota2RuHub,1330625430,92160,105359,13189,777510,FALSE,Russian
Bugha,1324519320,100470,66311,12982,2942212,FALSE,English
RocketLeague,1322448480,33540,206681,36086,1409120,FALSE,English
csgomc_ru,1308967860,77955,364816,17020,492954,FALSE,Russian
Clix,1256647110,89760,81926,12996,2035180,FALSE,English
Gorgc,1252711830,141135,56449,8683,391726,TRUE,English
서새봄냥 (saddummy),1241997345,182310,25482,6681,580794,FALSE,Korean
NoWay4u_Sir,1234567245,139920,24286,8479,383892,FALSE,German
RiotGamesBrazil,1228613130,38370,255542,25918,1011924,FALSE,Portuguese
JLTomy,1228169940,121455,42079,10053,428073,FALSE,French
SolaryFortnite,1223349555,381735,46710,3180,1478270,FALSE,French
ONSCREEN,1197130335,134880,88516,4134,918654,FALSE,English
AdmiralBahroo,1188645990,141210,21053,8152,778055,FALSE,English
Quin69,1186941750,174270,36742,6616,538532,TRUE,English
Trymacs,1184154975,107880,50957,10735,1607134,FALSE,German
dasMEHDI,1172969025,231465,47683,5013,299048,TRUE,English
sneakylol,1149209820,174885,22759,6775,1659108,FALSE,English
NickEh30,1148114400,117885,85073,9702,1660204,FALSE,English
fps_shaka,1131509385,215160,26572,5195,303671,FALSE,Japanese
LVPes,1115650275,90960,233009,12947,587677,FALSE,Spanish
Vader,1110952500,184305,16289,5913,424374,TRUE,English
forsen,1106781045,109140,33966,10080,1308165,TRUE,English
Papaplatte,1105525440,125550,42230,8546,919026,FALSE,German
StarLadder_cs_en,1088832810,32880,329195,29956,820675,FALSE,English
Symfuhny,1076179485,137400,45671,7327,2355063,TRUE,English
DreamHackCS,1052904720,314595,212201,5001,1801697,FALSE,English
Mizkif,1052047935,123120,32671,7899,591653,FALSE,English
Rainbow6,1031011170,82380,135471,11535,1501197,TRUE,English
stylishnoob4,1029543660,118515,25263,8485,354579,FALSE,Japanese
Maximilian_DOOD,1023316710,110040,43253,9235,833047,FALSE,English
Trainwreckstv,1021699920,148425,49379,7134,728097,TRUE,English
dota2ti,1017577605,6315,483530,147643,663297,FALSE,English
GRONKH,1017544335,54645,100330,17860,1216020,FALSE,German
SypherPK,1016450160,145230,130401,6553,3611359,FALSE,English
ZeratoR,1011013035,84960,262273,10516,880728,TRUE,French
SilverName,1006608690,95625,29927,10618,614395,FALSE,Russian
Sacriel,1002681105,163095,66781,5573,672403,FALSE,English
dakotaz,978947160,132615,43397,7112,4520305,FALSE,English
Stray228,972961650,93750,36971,10290,773712,FALSE,Russian
AdmiralBulldog,972317520,154845,16681,6198,694253,TRUE,English
pokimane,964334055,56505,112160,16026,5367605,FALSE,English
lestream,955346835,253395,47638,3652,883706,FALSE,French
ybicanoooobov,938816460,114765,17036,8255,523512,FALSE,Russian
Method,905107560,230940,148350,4135,401400,FALSE,English
Nightblue3,899215845,118980,17738,7234,2641880,FALSE,English
EsfandTV,888938940,189045,29597,4393,471970,FALSE,English
shroud,888505170,30240,471281,29612,7744066,FALSE,English
NOBRU,888211260,38655,132224,22070,1549722,FALSE,Portuguese
buster,884353800,59295,97838,14195,1087377,FALSE,Russian
Scarra,864157695,138360,27421,6060,1242014,FALSE,English
Baiano,859718520,85860,107069,9229,425797,FALSE,Portuguese
괴물쥐123 (tmxk319),857951685,116400,71933,7173,427926,FALSE,Korean
WePlayEsport_RU,853324635,92970,115737,8627,346934,FALSE,Russian
elded,853049385,110940,44758,7699,2601858,FALSE,Spanish
LPL,850636305,48765,146577,17573,502467,FALSE,English
juansguarnizo,849083325,123780,45631,6039,1204773,FALSE,Spanish
Rakin,842581305,144510,51854,5333,1258173,FALSE,Portuguese
SolaryHS,827452485,460065,17513,1802,149073,FALSE,French
Cellbit,817373955,103095,68813,8264,1293451,FALSE,Portuguese
dota2ti_ru,812538090,6195,457060,126232,541644,FALSE,Russian
uzra,812362125,208785,14181,3683,185506,FALSE,Chinese
OverwatchLeague,805163370,24480,254493,33132,1796619,FALSE,English
Thijs,794621265,108720,24923,7180,755116,FALSE,English
Swagg,790021440,108375,74199,6309,784966,FALSE,English
TeePee,789698115,170010,78741,4410,520519,TRUE,English
LVNDMARK,788421150,199350,96236,3688,248829,FALSE,English
Agraelus,779867430,169515,23555,4642,414951,TRUE,Czech
BLASTPremier,753808200,25260,113167,24689,501371,FALSE,English
cloakzy,748023225,101670,40497,6743,2138294,FALSE,English
aceu,744620970,118125,26141,6328,859439,TRUE,English
蝦愛橘子 (shuteye_orange),728551080,325935,7441,2217,85247,TRUE,Chinese
Elraenn,726379485,51150,65543,13224,1223076,FALSE,Turkish
Elajjaz,726000045,145755,13080,4922,346566,FALSE,English
CDNThe3rd,722562675,134280,55752,4919,2009972,FALSE,English
POW3Rtv,721548885,177885,69009,3836,1080764,FALSE,Italian
IzakOOO,717096330,129165,43050,4463,1461767,FALSE,Polish
DreadzTV,715644660,109725,35865,6249,675908,TRUE,Russian
따효니 (ddahyoni),711864630,152445,17253,4534,322895,FALSE,Korean
WePlayEsport_EN,704823000,107745,87751,6127,175061,FALSE,English
ElmiilloR,686456910,126105,45726,5163,426716,FALSE,Spanish
Squeezie,667977780,29775,158972,19260,2149306,FALSE,French
allkeyshop_tv,663185955,487005,6075,1361,67472,FALSE,English
Domingo,662502810,65610,102022,11423,829700,FALSE,French
PlayHearthstone,661075170,41175,43877,13154,825727,FALSE,English
ESL_DOTA2,661049190,212010,99858,4714,337177,FALSE,English
Kitboga,656365305,80760,20913,7394,772055,FALSE,English
DansGaming,653181210,187530,33646,3270,817365,FALSE,English
老皮 (mobilmobil),652685055,126120,16497,5303,446426,TRUE,Chinese
Destiny,650910525,162690,24101,3894,571183,TRUE,English
우왁굳 (woowakgood),650364705,158850,14177,4100,591500,FALSE,Korean
RATIRL,649761570,145050,14480,4420,423002,TRUE,English
bratishkinoff,646333065,60795,56790,10626,1128907,FALSE,Russian
Yogscast,644580630,443130,54885,1384,961860,FALSE,English
앰비션_ (lol_ambition),639445965,113415,57254,5332,362297,FALSE,Korean
jukes,628079220,76605,24263,8165,1327059,FALSE,Portuguese
木棉花官方頻道 (muse_tw),625892895,446655,16702,1397,121053,TRUE,Chinese
Shlorox,625142130,115650,13945,5216,331632,FALSE,German
coscu,622424175,77160,80444,8919,1865296,FALSE,Spanish
dogdog,622199835,103335,24727,5856,594239,FALSE,English
chocoTaco,620395515,160830,30514,3846,1134153,FALSE,English
Locklear,619247415,108450,50103,5512,824676,FALSE,French
餐餐自由配 (blusewilly_retry),618755280,100515,17585,5941,374480,FALSE,Chinese
Amouranth,618067800,235170,13495,2560,1707804,FALSE,English
UberHaxorNova,615472275,181950,7808,3247,421256,FALSE,English
Sfory,612617325,73590,75219,3197,457502,FALSE,Russian
Giantwaffle,612594165,165525,36340,3429,878934,FALSE,English
ZanoXVII,610609920,95730,30648,6073,514866,FALSE,Italian
침착맨 (zilioner),601906185,97545,43164,5843,465887,FALSE,Korean
SkipNhOLIVE,600910875,498765,7940,1196,324765,FALSE,Portuguese
Kamet0,600882645,130620,70983,4560,565661,FALSE,French
MYM_ALKAPONE,599850495,97830,26221,5948,770535,FALSE,Spanish
김진우 (jinu6734),597275955,121545,12810,4710,274875,FALSE,Korean
imaqtpie,596368095,167190,26087,3478,2652018,FALSE,English
x2Twins,595707975,125745,31874,4167,1288969,FALSE,English
C_a_k_e,588662010,129660,17317,4403,302633,FALSE,Russian
SmiteGame,586925850,344055,33245,1588,535211,FALSE,English
RatedEpicz,582401145,175920,11860,3336,134757,TRUE,English
wtcN,582125625,77385,73861,7438,1852272,TRUE,Turkish
Anton,581034300,142890,137531,3199,207484,TRUE,English
benjyfishy,580787955,34350,75491,14423,1739112,FALSE,English
StarLadder5,580541850,41715,189859,13089,1029203,FALSE,Russian
Reborn_Live,578122875,32100,57849,17488,697007,TRUE,Spanish
CasinoDaddy,577240710,267465,6524,2168,151098,TRUE,English
H2P_Gucio,575998575,157995,10011,3581,220488,FALSE,Polish
Xayoo_,575138175,91260,23935,6091,572789,FALSE,Polish
Jinnytty,569601090,151815,15190,3607,372334,FALSE,English
KendineMuzisyen,567374295,58545,43422,9583,1372290,TRUE,Turkish
Jahrein,566176425,61890,43683,8929,1422862,FALSE,Turkish
Mathil1,561997440,134715,25866,3953,293595,FALSE,English
Greekgodx,561616335,89745,45741,7083,1278824,TRUE,English
Brunenger,559915035,183225,64308,2844,659652,FALSE,Spanish
ClassyBeef,558883590,273660,33624,1941,108623,TRUE,English
Diegosaurs,558587535,128580,32463,4150,521201,TRUE,English
BobRoss,558170835,238035,11659,2175,1519266,FALSE,English
Nick28T,556741020,183660,15155,3024,977377,TRUE,English
녹두로 (nokduro),555637890,140670,15858,4040,165823,FALSE,Korean
GMHikaru,554249955,68355,46106,7155,505361,FALSE,English
SkipNhO,553663800,131580,23408,3875,1076499,FALSE,Portuguese
jovirone,553283745,96450,29272,5632,1089830,FALSE,Portuguese
Chap,550951215,157545,22571,3430,1272899,FALSE,English
김도 (kimdoe),549244755,134985,11759,4062,287639,TRUE,Korean
RebirthzTV,548041425,118920,14578,4629,276694,FALSE,Thai
Klean,545108145,169605,101124,2801,276242,FALSE,English
接接 (godjj),544706325,126705,12461,4378,331744,FALSE,Chinese
Gladd,543954570,171195,54477,2779,337972,FALSE,English
CSRuHub,540556545,110880,106003,5044,511431,FALSE,Russian
CriticalRole,539495145,21300,110800,17689,571210,FALSE,English
Vinesauce,536989080,86790,19065,6125,442493,TRUE,English
울프 (lol_woolf),532969650,50910,73800,9633,308528,FALSE,Korean
Mithrain,530456265,105540,40183,4990,1258713,FALSE,Turkish
EWROON,526660590,101235,21341,5172,514693,FALSE,Polish
ludwig,525883695,94575,60346,5368,542580,FALSE,English
RduLIVE,525737445,127380,11854,3953,234884,FALSE,English
Hiko,523057245,79665,41644,5268,1001350,FALSE,English
FENGRUSH,521568750,100605,16128,4985,95643,FALSE,English
Chess,521511525,96315,83666,5767,326118,FALSE,English
72hrs,519458565,136515,30702,3756,1024814,FALSE,English
TwitchRivals,516113670,36555,109148,14509,999480,FALSE,English
狂暴小建 (a541021),516009420,166575,8337,3105,207369,FALSE,Chinese
hashinshin,515812965,192255,12540,2483,570621,FALSE,English
JoshOG,510984165,159300,85051,2957,1748928,FALSE,English
B0aty,510323715,151215,22375,3152,516113,TRUE,English
AustinShow,509643945,21000,72199,24739,840624,TRUE,English
39daph,509052375,135495,12648,3766,505362,FALSE,English
scump,506838930,71355,79976,6789,893010,FALSE,English
플러리 (flurry1989),505333050,128790,12084,3859,169505,FALSE,Korean
Kyle,501208575,161295,9339,3059,182260,TRUE,English
SummonersInnLive,499421415,64875,110095,6328,503346,FALSE,German
Aydan,495563580,140595,51268,3507,1701314,TRUE,English
Faker,492835710,17115,56325,29414,2716270,FALSE,Korean
Mongraal,492733995,27060,89706,18180,2951980,FALSE,English
탬탬버린 (2chamcham2),490230510,95055,16243,5107,489270,FALSE,Korean
EmadGG,487281450,132630,67732,2741,702744,FALSE,English
쌍베 (pacific8815),483895050,120435,20936,3992,171858,FALSE,Korean
FolagorLives,482387190,79995,57813,5032,786983,FALSE,Spanish
lilypichu,477949200,56280,33075,8407,1363222,FALSE,English
mistermv,476597370,71655,39961,6627,479900,TRUE,French
Bonjwa,473157810,251250,11063,1802,123954,FALSE,German
KingGeorge,472786395,160140,12621,2914,767727,FALSE,English
KingRichard,472405995,137175,17327,3312,1536757,FALSE,English
melharucos,468792120,130275,13825,3519,328473,TRUE,Russian
INSCOPE21TV,468467130,59925,51244,7554,658658,TRUE,German
JohnPitterTV,461605275,508965,4148,900,286184,FALSE,Portuguese
Zizaran,460519830,156195,20745,2552,267004,FALSE,English
imls,460332570,78945,32758,5621,392024,FALSE,English
TSM_ImperialHal,459076530,120975,23107,3550,302593,FALSE,English
악어 (jdm2088),458883255,32625,65622,15405,276488,FALSE,Korean
Ramee,457242510,159825,10845,2825,132642,FALSE,English
Towelliee,453487500,183090,15495,2392,705098,FALSE,English
SPYGEA,452479680,143730,17228,3131,222046,FALSE,Japanese
FollowGrubby,451910415,132015,15296,3365,430649,FALSE,English
Amar,449223195,100800,45549,4207,604374,FALSE,German
mch_AGG,443328990,499575,11191,884,219431,TRUE,Portuguese
IWillDominate,442870530,93480,23813,4591,797244,FALSE,English
Nadeshot,440331540,50175,40327,7985,1472104,TRUE,English
buddha,438460680,135090,11971,3184,247303,TRUE,English
Deadlyslob,438143850,119085,104568,3088,315637,FALSE,English
懶貓 (failverde),437353350,184845,14610,2348,169973,FALSE,Chinese
嬌兔 (zrush),436243530,137910,10628,3084,180412,TRUE,Chinese
HoneyMad,434971635,67995,21369,6394,533250,TRUE,Russian
ESAMarathon,433329345,301395,22132,1460,244440,FALSE,English
Nmplol,429213420,63870,24687,6767,455444,FALSE,English
relaxing234,428279160,51180,19194,8405,258402,FALSE,Chinese
Doigby,428267280,59655,93577,6829,1068260,FALSE,French
Sequisha,426325350,163530,19755,2540,252495,TRUE,English
HusKerrs,425044665,107610,39433,3247,361360,FALSE,English
얍얍 (yapyap30),422278350,46800,36933,9306,301033,FALSE,Korean
Elwind,421436625,58965,18270,7165,703464,FALSE,Turkish
Shiphtur,420316860,118410,19688,3414,709343,FALSE,English
BarbarousKing,419187600,188895,13419,2244,159402,TRUE,English
alexelcapo,418413015,72930,74670,5772,680023,FALSE,Spanish
moistcr1tikal,415091820,103170,42135,3977,1166681,FALSE,English
Rush,412717875,86265,15405,4731,542991,FALSE,English
LosPollosTV,411900525,69900,54323,5671,476096,FALSE,English
DreamLeague,411414600,244560,147514,1751,349054,FALSE,English
Voyboy,411274050,80670,21187,4632,1251182,FALSE,English
BastiGHG,410621295,144135,10455,2733,507730,FALSE,German
DatModz,409985220,228615,14288,1753,270720,FALSE,English
dafran,408885990,92565,19611,4319,599036,FALSE,English
yeTz,408478725,87990,21212,4221,849972,FALSE,Portuguese
Aurateur,407829960,163815,15547,2492,142427,TRUE,English
pokelawls,407214675,118335,22496,3352,668807,FALSE,English
ziGueira,407188275,117555,36519,3203,529814,FALSE,Portuguese
A_Seagull,407156655,95160,28779,4193,1028544,TRUE,English
koil,403848390,145035,13421,2791,299033,TRUE,English
PAGO3,402836460,156135,20284,2326,425072,FALSE,Polish
Llobeti4,402468465,112545,37469,3410,648084,FALSE,Spanish
殺梗 (xargon0731),401439255,155325,8406,2549,283232,FALSE,Chinese
itsHafu,400822020,123375,34345,3276,787371,FALSE,English
shongxbong,400635750,50310,94869,7656,845158,FALSE,Arabic
StaysafeTV,399746130,135180,15608,2876,149648,TRUE,English
Loeya,398289900,150495,7955,2635,1233300,FALSE,English
RiotGamesJP,390922410,26325,60682,13675,141684,FALSE,Japanese
btssmash,389890800,362970,94083,1061,216558,FALSE,English
PietSmiet,387717165,84495,39004,4147,576903,FALSE,German
Payo,385755615,137400,12274,2772,175503,FALSE,English
Shotz,385739280,153105,10316,2523,159763,TRUE,English
실프_ (silphtv),385176540,197055,9401,1891,309065,FALSE,Korean
m0xyy,384746505,136095,25387,2431,461534,FALSE,English
LexVeldhuis,380251830,73935,58416,4939,244467,FALSE,English
NateHill,379971075,111555,41610,3311,1055613,FALSE,English
Shaunz,379800060,97860,20861,3791,148568,FALSE,French
Emongg,379682235,155910,21922,2228,504653,FALSE,English
fl0m,379633995,188070,19318,1931,658323,FALSE,English
AsmodaiTV,379345935,132360,11751,2796,247056,FALSE,English
Homyatol,378734925,70725,26274,4826,375749,TRUE,Italian
Grimmmz,377312595,176580,21993,2153,1001739,TRUE,English
aXtLOL,376430955,73815,25340,4991,763886,FALSE,Portuguese
boyMinORu,376358805,142830,22141,2717,367223,TRUE,Thai
just_ns,376209315,93615,37023,3969,341549,FALSE,Russian
BurkeBlack,372767025,171675,4922,2154,276421,TRUE,English
Trick2g,371417130,132945,28917,2650,1476226,TRUE,English
FORMAL,369971310,137190,16518,2391,512592,FALSE,English
Fortnite,369166335,12030,169084,28584,3558217,FALSE,English
Magic,362552205,43350,114234,5123,365714,FALSE,Spanish
Xari,361741665,80535,28830,4841,269447,FALSE,French
RocketBeansTV,360858030,518415,5223,696,416018,FALSE,German
ANGRYPUG,360278835,184845,9822,1892,366463,TRUE,English
MarcaoRX,359273445,336690,5210,1258,166594,TRUE,Portuguese
yamatonjp,359095725,159420,8247,2269,179920,FALSE,Japanese
btscsgo,357966315,57165,74949,6530,219539,FALSE,English
Skyyart,356907810,111165,32577,2311,598579,FALSE,French
gratis150ml,356697420,198075,9601,1801,741652,FALSE,Portuguese
ShivFPS,355389630,203175,7216,1782,236407,FALSE,English
Ponce,355091505,111360,23255,3043,242969,FALSE,French
Distortion2,354144315,170220,11495,1953,314170,TRUE,English
boxbox,353396640,117720,25314,2717,1717150,FALSE,English
강지 (rkdwl12),353381040,141450,29993,2484,507418,FALSE,Korean
TheKAIRI78,353046060,50310,47081,6795,885915,FALSE,French
RiotGamesRU,352700745,17880,73049,19753,173861,FALSE,Russian
FPSThailand,351025410,158640,38563,2260,390579,FALSE,Thai
김나성 (naseongkim),350120640,215505,7628,1584,103260,FALSE,Korean
오킹 (obm1025),346276365,96000,19328,3563,428179,FALSE,Korean
singsing,346171920,126795,11839,2735,572005,TRUE,English
BlackUFA,345166455,88035,10349,3889,279922,FALSE,Russian
QuattroAce,342273825,185715,48810,1696,157620,FALSE,Russian
bateson87,342162660,98730,20204,3344,598678,FALSE,English
Staiy,341874270,91545,15429,3711,259624,FALSE,German
polsatgames,340417455,57870,66706,5695,141026,FALSE,Polish
NymN,340095510,100125,23488,3402,241746,TRUE,English
orangemorange,338213940,122835,18387,2653,261139,FALSE,German
MinosTV_,338084550,167190,24576,2034,204605,TRUE,French
NairoMK,335695215,106200,22074,3054,339545,FALSE,English
철면수심 (109ace),335311860,145425,12180,2202,166726,FALSE,Korean
UnknownxArmy,333869670,92250,41700,3735,850944,FALSE,English
s1mple,333097410,24615,34971,12723,1681884,FALSE,English
bysTaXx,331965075,48945,259210,6210,1093212,FALSE,Spanish
Sjow,331726155,149700,8140,2189,240206,FALSE,English
hardgamechannel,331308960,55125,27529,5711,786562,FALSE,Russian
scoped,330160515,63360,47343,5165,731808,TRUE,English
VooDooSh,329448660,137670,7560,2519,85678,TRUE,Russian
WELOVEGAMES,328935150,116520,27956,2761,413458,FALSE,Russian
StereOnline,327697680,400770,4227,785,327645,FALSE,Portuguese
keanelol,327242790,147255,7208,2176,162917,FALSE,English
살인마협회장 (sal_gu),326488155,122925,16252,2663,164092,FALSE,Korean
sips_,325731015,108990,7872,2984,430755,TRUE,English
ESL_CSGOb,325637220,52530,89949,5114,575769,FALSE,English
kyo1984123,325018110,204975,5967,1516,135687,FALSE,Chinese
midbeast,324433515,118005,16153,2652,330060,FALSE,English
Alexby11,323225055,54810,53526,5331,1448018,FALSE,Spanish
Tumblurr,322841490,81210,17165,3846,353687,FALSE,Italian
Veritas,320121405,135150,103833,1595,182492,FALSE,English
daltoosh,319194420,154440,16445,2038,241602,FALSE,English
ELoTRiX,319051995,56310,31194,5620,895851,TRUE,German
TSM_Viss,316437645,117795,18844,2668,762778,FALSE,English
Anthony_Kongphan,316366395,163920,49085,1858,462128,FALSE,English
modestal,316203420,55455,25985,5660,323364,FALSE,Russian
소풍왔니 (yumyumyu77),315613800,66315,24521,4496,309322,FALSE,Korean
XEWER,315398565,189315,17100,1660,455056,FALSE,French
blxckoutz,314656260,152970,18483,2566,482061,FALSE,Portuguese
EASPORTSFIFA,313078095,12165,106126,24395,1287954,FALSE,English
ALOHADANCETV,312898725,70320,18317,4288,555334,TRUE,Russian
연두는말안드뤄 (rudbeckia7),311520135,126300,7111,2478,212053,FALSE,Korean
Flashpoint,311325840,19320,77708,11713,93616,FALSE,English
Steelmage,311218875,178485,10815,1696,60987,FALSE,English
RoyalPhunk,311093010,104565,12141,2934,204451,TRUE,German
Overpow,309892665,153015,10858,2004,254516,TRUE,Polish
NeVeR_LosEs,309559170,82635,9671,3680,200953,FALSE,Chinese
AvoidingThePuddle,309117315,80955,13108,3893,336181,TRUE,English
Ko0416,307823730,200625,5448,1515,108784,TRUE,Chinese
Dota2ruhub2,307331445,55230,54508,5158,248277,FALSE,Russian
Slushpuppy,307001595,150525,118125,1560,122486,FALSE,English
itmeJP,306920835,145950,24603,2079,369273,FALSE,English
JesusAVGN,306076605,78315,43859,3838,682899,FALSE,Russian
tarzaned,306010080,72390,14602,4159,388878,TRUE,English
Mickalow,305967975,157260,37872,1830,864324,FALSE,French
UNLOSTV,304599090,19995,128345,12171,1585519,FALSE,Turkish
resttpowered,304222200,148335,9248,2072,252184,FALSE,Slovak
Felps,303435945,96930,15553,3109,844681,FALSE,Portuguese
Doublelift,301917225,20370,52584,13364,1389835,FALSE,English
쉐리 (kss7749),301790445,115380,12295,2403,170718,FALSE,Korean
Kiwo,299469345,234330,10836,1243,296481,TRUE,English
adolfz,299235990,62520,15928,4926,294217,TRUE,Portuguese
LigaPro1,298828170,232620,11533,1149,30986,FALSE,Other
knekro,298811910,102210,13731,2912,260728,FALSE,Spanish
Savjz,298693050,86205,12708,3401,542892,FALSE,English
BobbyPoffGaming,298668465,224295,6453,1254,125803,FALSE,English
The_Happy_Hob,295999245,106125,8560,2834,216106,TRUE,English
Smurfdomuca,294868035,107055,18282,2843,267948,FALSE,Portuguese
Timmac,294663825,191970,13500,1460,393639,FALSE,English
Nikolarn,293952480,129510,30044,2279,526389,FALSE,English
소우릎 (so_urf),293688270,167895,9665,1756,95477,FALSE,Korean
RiffTrax,293583075,521445,24765,562,79099,FALSE,English
pimpimenta,293014110,164940,20855,1744,828298,FALSE,Portuguese
FACEIT TV (faceittv),292881510,35910,145470,9722,1681615,FALSE,English
crokeyz,292698660,163095,5916,1796,68907,FALSE,English
Letshe,291144945,80745,28808,3073,884661,FALSE,English
SaltyBet,290991045,508140,3467,571,224099,FALSE,English
소니쇼 (sonycast_),290499225,100605,7998,2840,255949,FALSE,Korean
HGmony,290461620,111360,21999,2465,34358,FALSE,Russian
jakenbakeLIVE,289531305,120435,23432,2375,489623,FALSE,English
Syndicate,289369785,58695,22845,4281,3000509,FALSE,English
RakanooLive,289110855,104535,22607,2726,1234662,FALSE,Arabic
공혁준 (rhdgurwns),289103100,76590,40001,3828,289455,FALSE,Korean
limit_maximum,288857850,85905,124818,1886,162040,TRUE,English
ElRichMC,288441015,31155,95938,9062,688715,FALSE,Spanish
guit88man,287764245,140685,7681,1989,144898,TRUE,Russian
RaizQT,286839210,121965,15185,2164,167584,FALSE,English
ReventXz,286819950,84330,47282,3073,362062,FALSE,Spanish
PatoPapao,286740930,100470,11694,2795,656860,FALSE,Portuguese
Replays,285932205,140220,16193,1983,871405,FALSE,English
cdewx,284645955,139140,23448,1904,380159,FALSE,English
亞洲統神 (asiagodtonegg3be0),284354865,63645,18594,4426,494643,FALSE,Chinese
BotezLive,283479405,115845,36278,1985,330772,FALSE,English
Conterstine,283398825,92805,18090,2557,386804,FALSE,Spanish
BeyondTheSummit_PT,282753480,339000,49496,807,203549,FALSE,Portuguese
AlphaCast,281533785,84165,28898,3046,411993,TRUE,French
DownToQuest,281365035,513540,20723,543,82299,TRUE,English
똘똘똘이_ (jungtaejune),280810635,165945,6787,1649,124835,FALSE,Korean
PENTA,280798065,116745,7172,2322,152821,TRUE,English
thedarkness,280707810,155595,7440,1914,536792,FALSE,Portuguese
uhSnow,280296045,88500,8375,3150,134611,TRUE,English
JERICHO,280176915,112860,21935,2401,1191987,FALSE,English
T90Official,279691620,76395,51422,3379,160226,FALSE,English
DanucD,278223765,135030,4439,2045,546052,FALSE,English
DisguisedToast,277695945,20325,38169,9892,1340283,FALSE,English
DesertHeartsRecords,276313155,64620,24264,3620,85097,FALSE,English
Jankos,274889760,45045,18826,5858,573657,FALSE,English
GarenaTW,273964050,12435,85416,22130,401222,FALSE,Chinese
개복어 (dogswellfish),273920670,161235,10929,1601,215413,FALSE,Korean
Sykkuno,272813670,91035,29658,2530,334591,FALSE,English
JokerdTV,271815660,120165,319862,2013,159384,TRUE,English
A1taOda,269877405,140625,11974,1844,537519,FALSE,Russian
livekiss,269518965,517260,7435,520,31323,FALSE,Chinese
Jerma985,269372580,57495,15921,4773,334594,TRUE,English
KamoLRF,269229795,66330,19264,3948,688868,FALSE,German
GoldGlove,268632360,119895,22448,2196,1433703,FALSE,English
harbleu,266439435,65775,13230,3926,349467,FALSE,English
runthefutmarket,265426125,84945,20746,2999,292812,FALSE,English
웁_게임방송 (alenenwooptv),265229580,189900,4290,1418,125615,FALSE,Korean
KarmikKoala,262630950,120450,10587,2205,151920,FALSE,Russian
JustCooman,262612740,76035,10776,3287,159117,FALSE,Russian
IamCristinini,262492530,135240,7943,1906,398634,FALSE,Spanish
Xop0,262276575,235920,4074,1110,94751,FALSE,Russian
Warframe,262160025,13740,346131,12843,1254031,FALSE,English
Smoke,261617925,100050,25500,2331,166007,FALSE,English
Moondye7,261610875,97350,22231,2530,306920,FALSE,German
jean_mago,261252810,113445,11418,2012,342691,FALSE,Portuguese
mL7support,260845395,115380,9038,2124,342850,FALSE,English
KriszhAdvice,258011790,147675,28709,1593,284899,FALSE,Hungarian
QuickyBaby,255820995,118710,11077,2207,416329,FALSE,English
aDrive,255087615,101085,14637,1692,461081,FALSE,English
Ampeterby7,254852265,27480,43882,9301,1194476,FALSE,Spanish
KabajiOW,254772135,72240,13865,3252,369667,TRUE,English
SNEUX,254717640,57510,30067,3748,196635,FALSE,Spanish
TrU3Ta1ent,254345355,113745,10901,2204,595939,FALSE,English
OgamingSC2,253498875,484455,11457,547,105368,FALSE,French
머독 (ajehr),252452325,76575,11117,3292,362794,FALSE,Korean
cyr,252345645,146190,19267,1678,182107,TRUE,English
MrSavage,251627985,33030,31525,6883,1651212,FALSE,English
Perxitaa,251497200,30330,55418,8010,689582,FALSE,Spanish
IlloJuan,251067885,60495,24315,4087,275174,FALSE,Spanish
masondota2,250624350,83205,8377,2882,104526,FALSE,English
Annoying,250297065,64290,17361,3884,431285,FALSE,English
고차비 (kumikomii),249821475,152370,5227,1615,177741,FALSE,Korean
Manyrin,249488880,109125,17140,2284,449520,FALSE,Russian
1DrakoNz,249476295,99180,15242,2655,373375,TRUE,Portuguese
Pace22,247862850,156975,10350,1524,171871,TRUE,English
Rammus53,247730100,104520,16370,2217,978645,TRUE,Turkish
SaltyTeemo,247613265,517980,1803,476,173196,FALSE,English
Odablock,247535550,101595,29397,2336,131966,FALSE,English
MckyTV,247481385,65025,49791,3599,722041,FALSE,German
Calebhart42,246974370,124830,6763,1808,177595,FALSE,English
MacieJay,246761880,107805,7318,2249,835787,FALSE,English
R6esportsBR,246712590,47100,60386,4021,323856,FALSE,Portuguese
chistor_,246342825,128430,7099,1838,89608,FALSE,Russian
Kephrii,245934495,165135,8709,1297,559647,FALSE,English
FEDMYSTER,245399790,24945,35011,9086,609723,FALSE,English
Gosu,244854375,64590,16362,3502,1751290,FALSE,English
supertf,244635645,90585,9118,2526,196136,FALSE,English
MoMaN,244502235,145755,16550,1363,360418,TRUE,French
Kotton,244412715,73005,58818,2757,253065,TRUE,English
saintvicious,244262295,168030,5370,1422,247236,FALSE,English
winstrike_tv,243711495,19695,153252,12058,148183,FALSE,Russian
pijack11,243578730,148140,8181,1569,252717,TRUE,Portuguese
pqueen,243465255,88965,11976,2602,485787,FALSE,Turkish
Northernlion,242833140,60855,9312,3968,359260,FALSE,English
Nattank,241616550,144480,8770,1537,86544,TRUE,Portuguese
bmkibler,241615470,103230,15034,2247,475075,FALSE,English
Arteezy,240834885,12285,31009,19681,634982,TRUE,English
선바 (sunbaking),240663180,86235,8260,2762,251416,FALSE,Korean
flamuu,239018790,126915,5242,1851,117425,TRUE,English
Mixwell,238993935,52905,23552,4219,331208,FALSE,Spanish
AntoineDanielLive,238217145,54870,16671,3964,416920,FALSE,French
G4G_REVENANT,237767160,82110,14376,2947,284620,FALSE,Spanish
maxim,236707830,71685,21262,3173,312566,TRUE,German
양띵 (yd0821),236218920,28275,38412,8075,279864,FALSE,Korean
c9judite,235689105,364425,8210,644,105341,FALSE,Portuguese
WOKE,235303170,51600,50598,3827,107484,TRUE,English
Amaz,235255500,84525,12652,2764,915023,FALSE,English
ESL_SC2,234726075,278745,40072,1414,305311,FALSE,English
CooLifeGame,234307740,47010,15459,4415,395859,FALSE,Spanish
BruceGrannec,234104805,78270,11287,3011,463188,FALSE,French
CuteDog_,234058290,207090,7016,1104,113658,TRUE,English
大丸 (wtf_winds123),233395950,92775,11975,2410,259338,FALSE,Chinese
theRealShooKon3,233210205,166260,6148,1333,126282,TRUE,English
Albralelie,232815960,128580,18730,1668,240030,FALSE,English
룩삼 (looksam),232224165,75030,32222,3302,285474,FALSE,Korean
GTimeTV,232140015,187335,14110,1022,665021,TRUE,German
WagamamaTV,231985905,178470,7377,1268,312799,FALSE,English
sleepy,231452460,107280,8855,2103,317125,FALSE,English
FifaTargrean,231025755,170820,6721,1353,396862,FALSE,Thai
GrandPOObear,231011760,101175,13295,2230,253619,TRUE,English
Pun1shers_TV,230552955,123345,6289,1961,82289,FALSE,Greek
gamelifeow,229805670,99600,37939,1659,234471,FALSE,Russian
Sh4dowehhh,229762950,112875,11788,2012,84234,FALSE,Russian
LuluLuvely,229749045,107070,10110,2178,431852,FALSE,English
Swifty,229431480,122160,19884,1572,615027,FALSE,English
Mibrtv,228640020,82620,151094,3310,250709,FALSE,Portuguese
PsheroTV,228376905,184215,10739,1166,202779,TRUE,English
bytarifaaa,228077640,15390,121009,13435,638657,FALSE,Spanish
Alderiate,227675805,69030,11480,3337,319860,FALSE,French
Solaaaa,227479455,96375,16718,2227,309594,FALSE,German
Strippin,227458650,121575,9127,1816,293665,FALSE,English
Mendo,226473345,99480,25321,1959,518090,TRUE,English
Pikabooirl,225939795,103740,21309,2146,237214,FALSE,English
Skadoodle,225401640,89955,30357,2318,611890,TRUE,English
MasterSnakou,225243465,124275,12948,1786,448316,FALSE,French
루시아 (lucia94),224762820,141705,8886,1603,82578,FALSE,Korean
Otzdarva,222546390,91905,14940,2387,262104,FALSE,English
꽃핀 (cherrypach),222377040,94125,10985,2369,240835,FALSE,Korean
Opat04,222161730,116775,9497,1814,178477,FALSE,Czech
icebergdoto,221837100,52380,16441,3746,171113,FALSE,Russian
P4wnyhof,221823735,181830,7196,1205,489174,FALSE,German
Mazarin1k,220905615,202410,9605,780,205378,FALSE,Czech
김뚜띠_ (kimdduddi),219998175,90750,7244,2318,149158,FALSE,Korean
옥냥이 (rooftopcat99),218888325,92805,8794,2256,214028,FALSE,Korean
KingGothalion,218707740,34875,41994,5792,1015521,FALSE,English
ItsSlikeR,218576850,95655,12762,2317,283503,TRUE,English
Alinity,218509065,90150,17341,2441,1203324,FALSE,English
TidesofTime,218415420,88485,12457,2104,251700,FALSE,English
GernaderJake,218318010,146295,21162,1347,295771,FALSE,English
スタンミ (sutanmi),217833015,80190,7854,2683,53124,FALSE,Japanese
DarioMocciaTwitch,217475940,103995,8160,1749,114376,FALSE,Italian
bebe872,217343400,212205,4965,1087,70232,FALSE,English
Lasqa,216969405,72210,10010,2863,135446,TRUE,Russian
六希夫 (qttsix),216951540,154035,9671,1412,118305,FALSE,Chinese
Flight23white,216792240,31455,74388,7522,828896,FALSE,English
Heelmike,216316170,101400,18963,2115,308927,TRUE,English
OGADotaPIT,216072855,18705,60846,10161,157820,FALSE,English
SoloRenektonOnly,215806260,122985,5118,1735,391603,FALSE,English
OfficialAndyPyro,215726910,209625,9676,1027,255595,TRUE,Finnish
k3soju,215233395,125865,7504,1647,76666,FALSE,English
SkyrrozTV,215122605,85890,17061,2185,597890,FALSE,French
LeBouseuh,214699305,61455,24497,3678,988237,FALSE,French
BikeMan,214504440,136845,7223,1486,264192,TRUE,English
Rubini,214130175,161985,5521,1284,102528,TRUE,Portuguese
JLWaliid,213819030,94875,19603,2239,272391,FALSE,French
qSnake,212541900,152955,5441,1389,200878,FALSE,Russian
Criken,212449905,113040,11050,1828,285509,TRUE,English
Loserfruit,212318190,99525,42374,1816,1869993,FALSE,English
Broxah,212141310,46605,13137,4269,317896,FALSE,English
JonVlogs,212114490,81180,21617,2239,480299,FALSE,Portuguese
ImSoFresh,211617645,180060,5788,1119,111954,FALSE,French
BeBePtv,211307910,110010,14353,1865,57205,FALSE,Russian
TrilluXe,210899220,79170,27943,2095,412495,FALSE,German
landonorris,209499930,30120,97550,6524,584831,FALSE,English
LotharHS,208564530,152235,14561,898,251812,FALSE,Polish
ElcanaldeJoaco,208060515,20445,48072,8673,810622,TRUE,Spanish
CzechCloud,207938580,145050,8212,978,180668,FALSE,Czech
chess24,207560115,82035,32856,1603,66198,FALSE,English
TheNo1Alex,206694345,176910,8554,1105,140855,FALSE,English
Crystal_LoL,206487075,139725,7471,1466,167132,FALSE,Turkish
WeAreTheVR,206446935,75975,20851,2688,410814,TRUE,Hungarian
AdzTV,206255820,137250,11247,1443,489577,FALSE,French
IrmanPlay,205792560,42570,17697,2612,252042,FALSE,Russian
Tomato,205792050,76080,5358,2675,92634,TRUE,English
쫀득이_ (pjs9073),205748130,79215,15654,2597,193757,FALSE,Korean
runitup247,205746015,486000,1182,422,91608,FALSE,English
NeZaK_,205442370,134205,7262,1407,255840,FALSE,Italian
피닉스박1 (xkwhd),205225605,179595,9938,1139,142209,FALSE,Korean
skill4ltu,205017270,135510,4049,1503,127741,TRUE,English
ilMasseo,204889125,92370,8980,2184,617665,FALSE,Italian
Worrun_,204440715,94455,41881,1728,146163,TRUE,English
brax,204330900,26010,28736,5295,574927,FALSE,English
rewinside,204116820,48420,24167,4455,1259972,FALSE,German
금사향 (sah_yang),204029970,125325,7143,1559,206794,FALSE,Korean
HAchubby,203908095,73110,13675,2779,221461,FALSE,English
Recrent,203854050,129375,6781,1502,220789,FALSE,Russian
iLame,203117655,161025,4911,1243,233263,TRUE,Russian
ixxYjYxxi,203102445,37305,15223,5459,857099,FALSE,Arabic
Wingsofdeath,202858185,144150,7176,1343,473157,FALSE,English
mang0,202842615,140325,24391,1403,328671,TRUE,English
Kamikatze,202635300,126900,8509,1586,107476,FALSE,German
Philza,202591425,62925,24611,2991,527540,FALSE,English
Kurumx,202487955,131190,16413,1543,50286,FALSE,English
Pieface23,201823125,93360,14072,2149,238155,FALSE,English
CurtisRyan,201233880,162660,7245,1205,65688,TRUE,English
CalebDMTG,200582400,121635,5446,1608,71327,FALSE,English
MarkiLokurasY,200552295,71070,26329,2714,923377,FALSE,Spanish
JLBichouu,200256675,90720,16461,2039,212578,FALSE,French
나나양 (nanayango3o),199960005,122025,6411,1589,147351,FALSE,Korean
DavyJones,199829100,48375,44526,4111,955846,FALSE,Portuguese
Fairlight_Excalibur,199826220,163650,19156,1208,408958,FALSE,English
PG_Esports,199821495,107715,24734,1933,112874,FALSE,Italian
StreamerHouse,199501650,496545,12609,402,630255,FALSE,English
Peereira7,198252765,133800,14532,1377,377689,TRUE,Spanish
Twitch,198083340,12015,130795,9190,1189614,FALSE,English
Sev7n,197315655,183630,31836,1037,469944,FALSE,Portuguese
Wardiii,196743645,104280,9459,1670,76777,FALSE,English
자동 (tranth),196585155,142260,5451,1402,85764,FALSE,Korean
Kubon_,195943620,145845,9545,1323,267984,FALSE,Polish
KarasMai,195800370,138300,6728,1374,281664,FALSE,English
Sloot,195525465,207555,21283,937,205002,FALSE,English
LPMassive,195448335,81270,18813,2181,315264,FALSE,German
羅傑 (roger9527),195398655,34620,12707,5401,131484,FALSE,Chinese
ChicaLive,195344370,92445,14928,2045,1041932,FALSE,English
도현_ (d_obby),195270330,129525,16860,1401,195405,FALSE,Korean
Valkia,194961090,106335,23519,1008,308459,FALSE,English
caps,194376465,17865,26754,10170,479368,FALSE,English
龜狗 (gueigotv),194262165,134895,9918,1373,165232,TRUE,Chinese
Alfie,194074230,181755,15588,971,183885,FALSE,English
NiceWigg,193912155,130140,13013,1475,184033,FALSE,English
zEkO,193867860,44970,21313,4440,743040,TRUE,Spanish
x6FlipiN,193573740,61095,19304,2712,279204,TRUE,Spanish
JASONR,193460805,188205,33902,992,777611,FALSE,English
Dhalucard,192609885,83400,22306,1828,269408,FALSE,German
duckmanzch,192428310,129945,14684,1363,122694,FALSE,Thai
MrBboy45,191523465,110835,9408,1659,318995,FALSE,French
인간젤리 (ses836),190448565,157200,7683,1213,105730,FALSE,Korean
AladdinTV,189890160,131490,4279,1416,110211,FALSE,German
miniminter,189756300,41400,27188,4215,858427,FALSE,English
ClintStevens,189206565,40125,15223,4445,393432,FALSE,English
NoctisAK47,189081300,171270,7264,1052,73584,TRUE,Thai
Daxak,188764350,84855,7721,2061,116897,FALSE,Russian
ThaldrinLol,188750280,112095,11305,1671,521166,FALSE,Turkish
olyashaa,187722975,77730,9142,2296,559877,FALSE,Russian
Jay3,187658970,165585,9514,1111,189654,FALSE,English
SovietWomble,187497450,63360,9616,2900,1368076,TRUE,English
GodHunt,187099860,94590,19032,1820,202883,FALSE,Russian
Everyeyeit,187019640,133125,18421,1236,86590,FALSE,Italian
Speedrun,186800430,500010,16604,375,93358,FALSE,English
iamSometimes,186597300,102870,23238,2004,179552,FALSE,Thai
Broeki1,186562710,141675,13091,1317,150944,TRUE,German
hexy,186060390,90495,14020,2092,336093,FALSE,English
Etoiles,185982570,78165,45364,2090,220873,FALSE,French
xChocoBars,185905980,96300,37216,1917,583881,FALSE,English
GN_GG,185795730,108075,4859,1715,91514,FALSE,Russian
SheriffEli,185394810,143400,5988,1291,265814,TRUE,English
iateyourpie,184820460,181335,10962,987,124020,FALSE,English
KYR_SP33DY,184233300,95055,6607,1879,706212,FALSE,English
armateam,183066645,379680,3181,479,187315,FALSE,French
JeelTV,182390235,99870,7302,1768,357385,FALSE,French
Pengu,182358345,70665,7707,2452,775987,TRUE,English
태준이 (dlxowns45),182309400,79620,10549,2023,346631,FALSE,Korean
gabepeixe,181929585,101730,5955,1788,149362,TRUE,Portuguese
TSM_TheOddOne,181908120,188445,4363,913,864087,FALSE,English
luke4316live,181729410,307005,2757,636,168531,FALSE,Italian
VGBootCamp,181431360,77085,97791,1534,521938,FALSE,English
CapcomFighters,181252125,23850,84858,5684,348447,FALSE,English
Datto,181075290,71400,82047,2122,530822,TRUE,English
NeverSayYesTwitch,180978855,115455,10771,1357,194933,FALSE,French
BeatportOfficial,180850230,27765,48457,5300,126546,FALSE,English
포셔 (portialyn),180674100,128385,4498,1349,39485,FALSE,Korean
케인 (kanetv8),180360300,130365,10087,1313,141167,FALSE,Korean
Sanchovies,180166830,141225,15588,1250,154845,FALSE,English
GhostFreak66,179939730,107295,94791,1029,111646,TRUE,English
RTAinJapan,179880525,16155,42822,8383,71730,FALSE,Japanese
WankilStudio,179581950,17235,28866,10173,726730,FALSE,French
SLAKUN10,179262330,9555,48358,18906,1874932,FALSE,Spanish
Monkeynews,179083095,154965,72483,1288,80290,TRUE,English
forever,178945815,29625,53702,5300,373484,FALSE,Portuguese
AlpTV,178729455,38625,33059,2913,576276,FALSE,Turkish
Crocodyle_lol,178727670,96000,8810,1802,107835,TRUE,French
WARDELL,178718460,127155,16215,1394,306435,TRUE,English
Tiagovski555YT,178563045,76065,11245,2061,220585,FALSE,Portuguese
Altair,178537155,145605,3702,1183,42265,TRUE,French
NiteNightKid,178419030,149040,29228,1127,28818,TRUE,English
fuslie,178245645,67560,45247,2504,336394,FALSE,English
Tyceno,177947595,42825,40407,4015,297359,TRUE,English
Faux,177800325,151170,15167,1133,237909,FALSE,English
RiotGamesTurkish,177746055,23835,36258,7414,651994,FALSE,Turkish
makataO,177510525,182775,12292,910,391656,FALSE,Russian
Drjayfisto,177159195,155340,4092,1105,130341,TRUE,English
CarTmaNzbs,176608230,96615,7809,1793,386948,FALSE,Russian
Th3Antonio,176072760,62175,13955,2419,223756,FALSE,Spanish
BigEx,176005440,96870,21401,1569,256448,FALSE,English
BigSpinCR,175255470,92970,21815,1824,185784,FALSE,German
Maghla,175236000,77505,16695,2124,329065,TRUE,French
Becca,174842160,115200,11405,1500,357844,FALSE,English
SirhcEz,174824130,133410,5928,1279,579629,FALSE,English
twlevewinsHS,174228915,102900,5425,1711,38410,FALSE,English
코렛트 (collet11),174087030,136065,6144,1248,215304,FALSE,Korean
Zombie_Barricades,173823135,228765,4497,735,172386,TRUE,English
NBA2KLeague,173779995,28245,48495,4264,143535,FALSE,English
XBOCT,173672880,35970,20110,4473,318230,FALSE,Russian
shtan_udachi,173627565,87210,7220,1929,100852,FALSE,Russian
orslok,173607810,52005,21759,3082,327888,FALSE,Spanish
BRNWOWZK1,173484990,365670,6981,465,173713,TRUE,Portuguese
HellYeahPlay,173443275,103830,3946,1706,136885,FALSE,Russian
홍방장 (game2eye),173015430,96045,5698,1669,183891,FALSE,Korean
grafo,172499415,111105,7165,1544,414577,FALSE,Spanish
xTheSolutionTV,172316145,78030,16093,2027,320629,FALSE,German
Igromania,172086390,186960,6159,939,184078,FALSE,Russian
Back2Warcraft,171822405,93345,8309,1697,94929,FALSE,German
超負荷 (sam1268),171602475,35805,11861,4538,148702,TRUE,Chinese
10000DAYS,171293220,131565,11193,1255,356683,FALSE,Turkish
iProMx,171223080,36000,8874,4576,151788,FALSE,French
짬타수아 (zzamtiger0310),171115545,90345,6217,1876,185684,FALSE,Korean
GingiTV,171013470,89805,6450,1713,156597,FALSE,English
venruki,170464680,133110,13179,1264,292558,FALSE,English
Pimpeano,170116395,21420,38592,6469,740343,TRUE,Spanish
MatteoHS,169885590,141525,5827,1176,428553,FALSE,Italian
nugiyen,169858440,159135,8448,996,121984,FALSE,English
HighDistortion,169501845,105630,20179,1397,1677690,FALSE,English
LuquEt4,169456620,153855,4958,1081,74404,TRUE,Portuguese
THump,169365870,92055,8063,1885,250786,TRUE,English
MaTaFe_,169215480,153525,8535,1096,116653,TRUE,English
rxnexus,169026750,112095,6765,1475,255944,FALSE,Russian
VaporaDark,168943005,70650,5041,2338,101359,FALSE,English
PaymoneyWubby,168861240,30600,16622,5485,302419,FALSE,English
RTGameCrowd,168832200,38685,20354,4259,861594,FALSE,English
다주 (dda_ju),168767490,108690,9137,1466,205041,FALSE,Korean
Bawkbasoup,168736395,130215,7853,1259,94820,TRUE,English
견자희 (wkgml),168416325,76140,10656,2210,415795,FALSE,Korean
Werlyb,168339975,57105,37980,2399,204348,FALSE,Spanish
TSM_Hamlinz,167898480,11055,51989,15483,2137521,FALSE,English
DougisRaw,167875230,153960,22641,1076,127151,TRUE,English
Mmorpg,167774640,182925,4994,908,235167,FALSE,English
BreaK,167534355,115560,9531,1432,309300,TRUE,English
berkriptepe,167325930,32790,24573,4103,622358,FALSE,Turkish
Xposed,167309220,111240,8580,1475,266853,TRUE,English
무굴 (moogrr1211),167186250,188805,2008,879,37162,FALSE,Korean
BoarControlHS,166892040,153345,3622,1064,79204,FALSE,English
Dementardo,166850715,35445,15476,4663,547154,FALSE,Spanish
CrReaM,166587645,142350,8098,1150,165906,TRUE,English
Xiuder_,166422960,172080,13675,909,312280,FALSE,Italian
SmallAnt,166352115,96720,11518,1821,255156,FALSE,English
Naowh,165590085,120435,11693,1333,103636,FALSE,English
Tonton,165536760,133530,9738,1237,147542,FALSE,French
逼比 (bebelolz),165015915,64650,7592,2488,260119,FALSE,Chinese
踢虧 (takesipon),164981160,111600,8103,1534,57634,FALSE,Chinese
Vargskelethor,164759730,58395,6577,2809,287063,TRUE,English
핑맨 (95pingman),164673495,47430,26738,3449,195423,FALSE,Korean
LobosJr,163736505,121335,12709,1332,375646,TRUE,English
ZONY,163669320,147990,7172,1118,260125,FALSE,Polish
Monstercat,163589370,519675,14261,313,788684,FALSE,English
k1ng,163381335,36540,52558,4365,706537,FALSE,Spanish
DuelLinksMeta,163307010,89910,5792,1886,88697,FALSE,English
Esports_Alliance,163208925,37110,27040,4293,117084,FALSE,Thai
lolesportsla,163132800,40950,37187,4586,186208,FALSE,Spanish
Vovo,162887760,150555,7268,974,141898,TRUE,Portuguese
goncho,162817050,61770,18091,2431,442412,TRUE,Spanish
MenosTrece,162738420,107700,7132,1481,470873,FALSE,Spanish
swimstrim,162723510,108540,13314,1383,137885,FALSE,English
AnneMunition,162714930,99345,37236,1586,621921,FALSE,English
Reverse2k,162618315,181665,14160,925,380488,FALSE,English
erobb221,162559230,82470,10391,2028,244207,FALSE,English
voicetv,162510660,514845,1874,314,3660,FALSE,Thai
FFearFFul,162232935,36165,116245,5305,727059,FALSE,Arabic
Cryaotic,162138405,85785,7169,1727,813371,TRUE,English
Dmitry_Lixxx,161818335,51600,26715,3006,347824,FALSE,Russian
Sweatcicle,161489220,137880,14550,1023,160000,TRUE,English
tebtv,161468685,69315,13639,2177,76050,FALSE,English
_연두부_ (lovelyyeon),161371665,140535,4282,1115,108382,FALSE,Korean
pankylol,161208750,51015,17394,3141,284563,FALSE,Turkish
Alkaizerx,161185890,103950,12430,1312,153870,TRUE,English
hastad,160672260,85545,10888,1812,868738,FALSE,Portuguese
미라지 (mirage720),160163880,94005,30706,1638,352412,FALSE,Korean
Tanxlive,159875505,161010,6899,971,244133,TRUE,Thai
Rogue,159761910,121005,7289,1186,169330,FALSE,English
easywithaces,159655155,107910,18686,1388,90359,TRUE,English
BeyondTheSummit_PT2,159647175,104955,126254,796,178612,FALSE,Portuguese
CarritosKami,159557775,104955,14634,1681,165439,FALSE,Spanish
dizzy,159505395,49125,19262,2997,795869,TRUE,English
EAMaddenNFL,159449055,19995,57179,5697,241924,FALSE,English
TobiasFate,159172080,127740,4681,1233,701822,FALSE,English
PUBG,159140235,32865,35922,4647,733628,FALSE,English
BananaSlamJamma,159071145,113595,5152,1263,170181,TRUE,English
Dyrus,158999070,138300,11338,1123,1474090,TRUE,English
Mushway,158995065,56820,9611,2638,310100,FALSE,French
bazattak007,158951265,87330,11217,1630,391413,FALSE,Spanish
IFrostBolt,158035530,169260,6210,897,199618,FALSE,English
Kandyland,157882170,86745,9203,1748,405554,TRUE,English
감블러 (9ambler),157852620,89715,11279,1692,144116,FALSE,Korean
Sco,157847640,57690,15241,1790,375911,FALSE,English
ProfessorBroman,157325925,154635,12676,955,732192,TRUE,English
Paoloidolo,156901800,125115,7659,1205,183900,FALSE,Italian
1PVCS,156821940,53835,23081,2256,71596,FALSE,French
강퀴 (kangqui),156544635,112755,10809,1400,57130,FALSE,Korean
AkTep,156236730,94545,6300,1541,222796,TRUE,Russian
햇살살 (hatsalsal),156211005,119040,3915,1302,77861,FALSE,Korean
PardonMyTake,156004485,25140,141406,6728,143916,FALSE,English
Sweet_Anita,155731920,57600,21594,2690,972070,TRUE,English
Draineo,155593140,124095,7777,1169,102225,FALSE,English
Cerbero_Podcast,155187570,57120,19298,2647,179420,FALSE,Italian
cellinrj,154982550,87945,7136,1711,245715,TRUE,Portuguese
SkyshockTV,154727730,94275,6213,1605,114154,FALSE,Spanish
Evangelion0,154595850,85635,8533,1777,120494,FALSE,Spanish
AnthonyZ,154524165,117735,7416,1216,199617,FALSE,English
mokrivskyi,154332060,27105,29983,5864,308815,FALSE,Russian
CaMaK,154277370,87375,9437,1759,151886,TRUE,French
Uthenera,154125945,77475,9460,2106,411346,FALSE,Turkish
Corobizar,153988380,83325,11200,1787,272635,FALSE,French
roflgator,153963765,110910,14329,1281,106365,TRUE,English
QuarterJade,153857655,61980,12144,2286,277256,FALSE,English
kutcherlol,153784695,138060,6802,1093,198818,FALSE,German
DieHahn,152767545,125025,8048,1229,231584,TRUE,German
chowh1,152754465,143415,8221,980,113551,TRUE,French
cacho01,152494320,54645,18552,2669,269080,FALSE,Spanish
natalan,152469705,60510,9561,2240,529357,TRUE,Spanish
DreamHackDota2_RU,152461155,6135,98717,22356,203419,FALSE,Russian
DuendePablo,152343585,133290,10121,1101,514073,FALSE,Spanish
小夜夜 (albislol),152033250,208485,3740,706,146276,TRUE,Chinese
UCCleague,152021685,131070,14003,1378,226974,FALSE,Russian
貝克 (slrabbit99),151739370,112845,5944,1329,106235,TRUE,Chinese
Stewie2K,151271895,24735,27416,5296,875087,TRUE,English
jorbs,151128345,117795,4084,1243,70609,FALSE,English
BlackFIreIce,150698280,139980,3044,1070,108895,FALSE,Polish
kurt0411,150579045,37710,26941,4083,142446,FALSE,English
Herdyn,150266550,123060,4254,1180,410224,TRUE,Czech
Frankkaster,150181140,30975,49127,4886,826222,TRUE,Spanish
SayNoToRage,150150330,137820,8014,1010,168463,FALSE,English
MiltonTPike1,149975130,81960,8838,1845,200012,FALSE,English
H0llyLP,149766195,130860,4958,1116,151000,TRUE,German
MarkitoNavaja,149407365,28410,26584,5070,665430,FALSE,Spanish
RobertoCein,149162865,114120,15249,1270,730326,TRUE,Spanish
KVYZEE,149052375,161580,8354,849,127963,FALSE,Russian
MarketTradersTV,148900110,499215,1357,297,30413,FALSE,English
Flambass,148717500,130395,5507,1138,71953,TRUE,English
Aa9skillz,148596180,49035,11843,2885,502696,FALSE,English
Limmy,148371105,90600,6575,1641,207508,TRUE,English
SparkofPhoenixTV,148192215,92400,15792,1462,433078,FALSE,German
kyliebitkin,147948870,127485,6688,1142,85336,TRUE,English
CoconutB,147918285,122565,4596,1171,188378,TRUE,English
FanHOTS,147664290,134550,2104,1090,64587,FALSE,English
Pelegrino1993,147243720,129210,6236,1074,80566,FALSE,Portuguese
Killars,146865810,210810,4232,642,46971,FALSE,English
Weak3n,146770110,115470,2922,1260,188176,FALSE,English
Tourva,146412075,116070,5067,1185,287553,TRUE,English
wintergaming,146245920,195615,7019,719,260779,FALSE,English
Vicens,146199795,26115,30628,5739,730679,FALSE,Spanish
PainLivestream,145610160,89775,15002,1635,435872,TRUE,German
monkeys_forever,145475145,80460,6738,1563,79270,FALSE,English
Kaydop,145291695,64830,23304,2268,193058,FALSE,French
しゃるる (syaruru3),145193595,103995,3710,1309,33726,FALSE,Japanese
primeleague,144858945,30510,19013,4427,73409,FALSE,German
LRojo_,144763395,111435,11178,1192,100767,FALSE,Spanish
trihex,144608640,121515,21721,1157,431935,TRUE,English
Spaceboy,144599880,123015,10590,1107,135311,TRUE,English
Froggen,144496815,46710,10648,3024,770030,FALSE,English
BotanicX,144361350,71445,9135,1937,34119,FALSE,Russian
dinablin,144307800,60870,29316,2413,293748,FALSE,Russian
RiceGum,144167385,12300,29173,11696,903261,FALSE,English
ipav999,144114480,191400,2536,737,163956,FALSE,English
Lutti,143841150,89220,37121,1153,226344,FALSE,French
kragiee,143449350,121890,6298,1137,234312,FALSE,English
Puppers,143414790,98595,6798,1458,171425,FALSE,English
Crayator,143191365,75165,4911,1796,599828,FALSE,English
MANvsGAME,142696875,65775,5831,2103,510330,TRUE,English
TheRealMarzaa,142547775,93015,12525,1505,495558,FALSE,Italian
foggedftw2,142444290,111675,8622,1220,242205,TRUE,English
Linkus7,142322655,121755,7248,1121,96728,FALSE,English
Arcadum,142213980,134700,13801,992,120586,FALSE,English
ImMarksman,142168560,77430,11141,1889,633443,FALSE,English
LightFuryLF,142094850,111315,15139,1169,51589,FALSE,Thai
BarcaGamer,141736230,119565,57917,1234,636568,FALSE,Spanish
EFEUYGAC,141455130,38910,14481,3700,358498,TRUE,Turkish
Xnapycz,141426165,87885,4388,1572,94551,TRUE,Czech
SilentSentry,141219225,125760,5572,1085,301633,FALSE,English
球球 (lilballzlolz),141185625,78015,6328,1724,118276,FALSE,Chinese
DaigoTheBeasTV,141183435,57525,27261,2225,173271,FALSE,Japanese
UncleBjorn,141021495,134805,4265,975,111003,FALSE,Russian
AnniTheDuck,140975745,53220,7894,2533,460463,TRUE,German
StRoGo,140812395,29385,45087,4621,272944,FALSE,Russian
재슥짱 (pikra10),140512860,124170,4659,1068,77376,FALSE,Korean
貝莉莓 (beryl_lulu),140500785,81990,15901,1739,156726,FALSE,Chinese
purple_hs,140426535,111810,5460,1149,88792,FALSE,English
Harmii,140304750,116130,7200,1159,333858,FALSE,German
Zerkaa,140243025,51000,11192,2571,529504,FALSE,English
iklooode25,140170155,21360,42463,7265,418710,FALSE,Arabic
聶寶 (nielnieh345),140168070,186015,5455,728,93991,FALSE,Chinese
akagreenn,140084580,51600,21136,2902,117916,TRUE,Turkish
Spraggy,139893270,81585,30415,1674,99807,FALSE,English
TpaBoMaH,139724325,92445,6813,1531,151266,FALSE,Russian
Day9tv,139556325,64500,5597,2140,496790,FALSE,English
Sologesang,139273200,123390,5120,1072,58531,FALSE,German
karavay46,139258050,33045,48331,4037,354734,FALSE,Russian
RaulZitoYT,139249440,131460,6545,839,78971,FALSE,Portuguese
JonBams,139067415,88830,5577,1522,309837,TRUE,English
Japan_ASMR,138935670,509670,496,271,67707,FALSE,Japanese
OuterHeaven,137995935,94575,6955,1101,137954,TRUE,English
Yamikazexz,137528370,74490,12411,1643,201657,FALSE,English
aircool,137305080,128055,12620,964,153703,FALSE,English
Lapi,137258130,171570,8684,789,130323,FALSE,French
robn_live,137249820,133545,73664,656,66223,FALSE,English
과로사1 (aram4519),136944300,81570,14167,1592,301329,FALSE,Korean
Ezekiel_III,136597425,109890,18804,1190,190452,TRUE,English
RebeuDeter,135843000,18510,24675,7141,215360,FALSE,French
nookyyy,135590925,149220,7393,683,206681,FALSE,German
BrookeAB,135540690,48705,24357,2777,737161,FALSE,English
innocents,135250410,83790,13654,1557,534759,TRUE,English
RealKraftyy,135181170,108585,19953,1235,710277,FALSE,English
rhobalas_lol,135169095,174210,5224,779,100599,FALSE,French
veloxey,135057600,88620,8596,1273,252913,FALSE,Italian
ArQuel,134912310,116415,9110,1122,285920,FALSE,Polish
ElOjoNinja,134761230,82020,9339,1484,273504,FALSE,Spanish
Bamboe,134431230,118920,5956,1075,86644,FALSE,English
Sonecarox,133976280,239655,2445,569,87530,TRUE,Portuguese
MuTeX,133816530,150015,9448,824,200619,TRUE,English
RayNarvaezJr,133649520,82605,6611,1589,528396,TRUE,English
Tanovich,133079115,89865,10352,1434,296560,TRUE,Spanish
Zalae,133078635,95010,5934,1351,170668,FALSE,English
KheZu,132976365,124635,5322,991,122158,FALSE,English
mandiocaa1,132533775,29685,9540,4355,312944,TRUE,Portuguese
스피드소닉 (dragon3652),132487740,243375,2379,529,35503,FALSE,Korean
RiotGamesOCE,132387150,40890,50458,3076,149775,FALSE,English
Videoyun,132320235,123345,8057,1030,375697,FALSE,Turkish
AlcastHQ,132082785,28905,12999,4680,81928,FALSE,English
julien,132054690,80895,15150,1685,511861,FALSE,English
iGeStarK,131957700,79455,12893,1282,244437,FALSE,Spanish
Ziqoftw,131821710,94515,10569,1293,198304,FALSE,English
CyrusTWO,131621775,128085,2727,1027,96691,TRUE,Swedish
칸데르니아 (jmjdoc),131408250,170865,2395,756,30877,FALSE,Korean
CouRageJD,131341275,14010,72100,8717,2115596,FALSE,English
YoMax,131072925,58380,16952,2051,273980,FALSE,French
JeffHoogland,130973670,113655,3375,1070,68914,FALSE,English
Call of Duty (callofduty),130938960,3645,170131,19897,968465,TRUE,English
GoBGG,130398315,92730,4198,1400,229586,FALSE,French
Wackyjacky101,130390590,130335,5981,1012,209700,FALSE,English
TaKeTV,130220190,108555,31809,829,227062,FALSE,German
iceiceice,130179570,37545,8409,3107,183960,FALSE,English
StarCraft,130159470,14850,56109,6636,342409,FALSE,English
MadDecentLive,129993915,42510,36968,3069,95371,FALSE,English
WillerZ,129956310,133770,24663,872,79392,TRUE,English
SoyPan,129903855,132840,13884,954,343191,FALSE,Spanish
murilo_RT,129898080,383955,8185,315,70814,TRUE,Portuguese
Multiplayerit,129567630,111795,15237,1053,58786,FALSE,Italian
Markstrom,129129615,106620,71423,915,93045,FALSE,English
Krayn_Live,129103425,137040,4183,918,125775,TRUE,French
西門夜說 (westdoor),128928105,109065,5363,1165,272662,TRUE,Chinese
Sintica,128908575,94845,8467,1207,160387,FALSE,German
FantaBobShow,128845890,65565,8248,1936,348598,TRUE,French
ops1x,128783415,68235,23490,1457,268942,FALSE,English
wingz,128746905,92715,3940,1347,85695,FALSE,Spanish
ZLOYn,128586435,49230,14155,2603,294277,FALSE,Russian
HunterGodBr,128369655,89520,51612,1737,258876,FALSE,Portuguese
leplol1,128314530,125385,9307,1444,157981,FALSE,Portuguese
sacy,128171445,96630,10692,1304,206184,FALSE,Portuguese
헤징 (hejin0_0),127710465,125865,3032,1017,123451,FALSE,Korean
Naru,127650015,39825,13744,3045,344859,FALSE,Turkish
Warcraft,127646610,10005,51972,13741,593564,FALSE,English
FlexZ,127550640,114750,14278,897,155382,FALSE,Spanish
DizzyKitten,127398990,80100,10080,1584,613135,FALSE,English
지수소녀 (wltn4765),127291245,134070,9379,980,99600,FALSE,Korean
Staryuuki,127219620,77040,5530,1467,586475,FALSE,Spanish
CeMka,127117680,110550,18473,979,86502,FALSE,Russian
Halifax,126885855,160500,12478,793,228316,FALSE,English
Bidule,126808620,61395,10100,2052,82570,TRUE,French
Gabi,126779310,63480,17866,2174,271202,FALSE,Portuguese
Hype,126704460,81510,10030,1674,145476,TRUE,Turkish
Gigz,126436725,98685,15061,1136,254401,FALSE,English
매직박 (yagubu),126240810,66165,25478,1666,59697,FALSE,Korean
richwcampbell,126132675,69870,34756,1878,108410,FALSE,English
ESL_CSGO_FR,126026325,53295,22857,2570,193614,FALSE,French
양아지 (dkwl025),125872350,103365,6861,1237,220819,FALSE,Korean
Cizzorz,125812350,56970,11782,1891,1866339,FALSE,English
RyuQuezacotl,125680845,125820,4022,976,79063,TRUE,English
Sigma,125477415,94695,81683,798,61206,TRUE,English
Robbaz,125249820,86415,4938,1427,229652,FALSE,English
mailand,124936395,86865,6867,1400,86561,TRUE,German
Buozzi,124926540,142785,4036,872,75290,TRUE,Portuguese
HeyarTV,124878165,155700,2343,786,124479,TRUE,French
LenaGol0vach,124876665,30210,9115,4159,274237,FALSE,Russian
Sinner666,124812240,24765,27996,4530,7102,FALSE,Russian
TommyKayLIVE,124680810,108105,3536,1124,127770,TRUE,English
TMemoryy,124620795,130440,3244,924,171107,FALSE,English
Patriota,124595820,64305,29435,1951,646758,FALSE,Portuguese
러너교 (runner0608),124525605,52785,17926,2434,164902,FALSE,Korean
zorlaKOKA,124241010,100050,4977,1247,361102,FALSE,Portuguese
Hitch,124224555,132870,3976,875,96343,TRUE,English
calango,124180125,70155,8380,1736,767187,FALSE,Portuguese
Adin2Huncho,124133550,64920,14502,1470,199880,FALSE,English
SlotRoom247,124078200,373800,20609,326,69183,TRUE,German
ALLinPav,124058985,137760,6221,850,71579,TRUE,English
Surefour,124056555,53145,7911,2289,331662,TRUE,English
NumotTheNummy,123899265,105930,3359,1118,103069,FALSE,English
aminematue,123826230,30480,16577,4016,124232,FALSE,French
CallMeCarsonLIVE,123486240,14340,61531,8208,1151712,TRUE,English
ZiggyDLive,123398085,99075,18437,1227,173807,FALSE,English
KEEMSTAR,123365895,3465,74195,35333,146035,FALSE,English
크캣66 (crazzyccat),123279435,192780,2543,644,35930,FALSE,Korean
RelaxBeats,123273930,521430,2830,235,166162,FALSE,English
LAGTVMaximusBlack,123125340,161535,7138,725,256353,TRUE,English
Destructoid,122628630,103020,14566,1190,48007,FALSE,English
LITkillah,122524635,13560,21359,9104,601927,FALSE,Spanish
빅헤드 (bighead033),122523705,153000,3940,793,213212,FALSE,Korean
마스카 (newmasca),122452320,217410,6431,567,109068,FALSE,Korean
AndyMilonakis,122311065,104745,10543,1153,547446,FALSE,English
Remx,122192850,99180,13788,1205,178553,FALSE,French
